"Pharrell Williams, et al. v. Bridgeport Music, et al.",CCCCDFGFDDDGFDCCDFGFDDFDFDCDFGFDFFFGGGGGaFDFDFFDFGFDDDFDFDFAGGGGFGACDFDF,EDEEEDCEEDEEEDCEGGgGgEgGGgGgGAGGgGgGGFeFeCeCbCEEDEDEEEDAEDDEEDEDEDEDEDEBDDdDdDBDdDdDEEdDdDBEEDEGACCCCCCDECCCDECCCDEGgBB
"Parker v. Winwood, et al.",CCCCCCCCCCCCCCCCCCCCCCCGGACCCEDCEDCCACAGGACEEDCCCDECEDCCCACACEECDCCEDEGACADCGACCCCCGACCCCCDEGACACGGAEDCDCDEDCACCACCCCEECDCCEDEGACADC,CCCCCCCCCCCCCCCCCCCCCCCACEEEDCCACACEEEDCDCCACACAGEEEDCCACACEGGEEDEDCEDCCACEDCACDEDCACDACEDCACDEDCACDEDCACDCACAG
"Eight Mile Style v. New Zealand National Party, et al.",CdECdECCCCCCCCddddddddbCCCCCCCCddddddddbCCCCCCCCddddddddbCCCCCCCCdddddbCdbCCCCCCCCCddddddddb,CCCCCCCCbbbbddddCCCCCCCCbbbbGGGGCCCCCCCCbbbbddddCCCCCCCCbbbbeeeeCCCCCCCCbbbbddddCCCCC
Bowen v. Paisley,BCCCCDCCCBBCCCCDCCCDBAGEEEDDEEDEFFEDCDDDEDCDFFFFEE,GEEDDACAAEDCDEECGEDCAGEDCGEEDDCCAGGGGEGGCCGEDCAGEDC
"Joel McDonald v. Kanye West, et al.",EDEDEEECFECEDEEECFECEDEAEECFEC,CCCEGCCCCEGCCCCEGCCDDECCCEGCCCCEGCGEDCCCCDECGEDDCCCDECDCCDEDDCCCCCDECEGEDFEEEDC
"Rebecca Francescatti v. Stefani Germanotta [aka ""Lady Gaga""]",EAgAgEgEgAgdAgdEgaagDCC,EFFFFFEEDDDCEDCEEEGADEFFFFFFEEDDDCEDCEEEAEDCABCDCEDDCBBECAADBBGABCDCEDDCBBECAADBBG
"Vincent Peters v. Kanye West, et al.",CCbCGCCbGeDaGFeDbGCCbGeDaGFeDbGC,gegbgegegeagFgCCeCageCCCeggeeCeeegbgegeegeagFgCCFC
"Currin, et al. v. Arista Records, Inc., et al.",FCCaeFCCaeFCCaeFCCaeFCCae,CGFeeCbCCGFeDCbCCbCDFFFGAFFCGFeeCbCCGFeDCbCCbCDFFFGAFFCCeDCeCeCCeCebeCCCeCDe
Larrikin Music Publishing Ltd. v. EMI Songs Australia Plty Ltd.,GGGGAAAGEGEEEEEFFFECEC,GGGGAAAGEGEEDCBbAaGEEEEFFFECEC
"Samuel Steele v. Jon Bongiovi, et al.",BCDDDDBBGBDDDBBBGEDCCCCCCCCDDDDDGACDDDDDDCDDDDDCDDDDDCCCB,ACCCCCBBAAAAGCCCCCCACCDDDCCEEECCCCCCDDEEEEECAGFEDCEDCEDCCECAGECED
"Bridgeport Music, Inc. v. UMG Recordings, Inc.",ECGFEEDEECGFEEEDCCEEEEGGGGACCECDCCCCCCCCCCCCCCCCCCCCCCCCCCCCCCCCCCC,bbDDDDDCCDDDDDEDCCCDDDCCAACDDDDEDCCbCDDDDCCAACDDDDEDCCADDDDCADDDDDEDCCGAEDEDDEDC
"Lil' Joe Wein Music, Inc. v. Jackson",CbbCCbbCbbCCbbCbCCCbACbCCCbACbACCCbACCCbACCbACCbACCbACbACCCbACCCbCCCbCCCC,CdbCdCCdbCdCCdbCdCCdb
People v. Hu,CCCGGFeeGGGbCeCbGCbGFGbGCCCCbGFFFeCbGCCFeCbCeC,CCCCGGFeeGGGbCeCbGCbGFGbGCCCCbGFeeCCbGCCFeCbCeC
Positive Black Talk v. Cash Money Records,CCCbCbCbGgCCCbCCCbGEBCaADDaAGAAGF,CCbaabCCbaaGbEEEAACBCCEFFGbCCb
Vargas v. Pfizer,,CCGAAGCCCCGAAGCCCCGAAGCCBDDBEBg
Yong Wang v. Zhengben Zhu,bbGbCDCDFFFGFDFCCCbCDFbDDbCDFFGbDCDFFDFGAGbGbbDDCbGFDCbC,ACCDFDCCACDFFGAGAFGFFGAGAGGADFCDEDCCCDFAGFCCFDCCAFFGAGACGGFDCDFGFFGACDCAFFDCACDFFFGAGAGADFCDEDC
Apollo Inc. v. Coca Cola (China) Inc.,GCDFECAGAGGGCDFEDCC,GACDFECAGGACDFECAGGACDFECAGGACDFECAC
Swirsky v. Carey,EEEDEFEDDDDCDCDCECCABCDEECEEEEEEECDEEEGFEDDDDDECCCABCDEEDCABCEFD,EEGFEEDDFEDCDBGCDBCBABAFaFEEEGFEEDDFEDCDBGCDBCBABCDEDCEEC
Cottrill v. Spears,DCFeFeGGbaGaGeCCCFeFeGGbaGaGeC,CeGaFGeFCeFGFFeFGaGFFCeGaFGeebCeFeCGaFGeFDeC
Jean et al. v. Bug Music,CbCbbGbC,CCCbGb
Malmstedt v. EMI Records,DCCCAGGADCCCAFGFFDCCFAFCFCCCDECDCCCAGADCCCAFGFDCFCAFCFAbCDEC,FFGFAAAFAGFFGFAAAbCFFFGFAFFAGAFGbCCAGFFGFAAAbAGFFGFACbAGFFFGFAAAAGAFFEDDC
Three Boys Music v. Michael Bolton,EDCDCCCCDCCEDCEDDDEFEGEDCFFFFEEEDDDC,EDCDCACDDDDEEDCEDCDCACDEEEGEAAGA
Repp v. Webber,ECEGFDBDFEEACEFEDCBECEGFDBDFEEACDCC,EAEGFFDGDEEAEGFFDGDEEACEDDDGDEEAGFEDCBAa
Santrayll v. Burrell,AFAFAFAFAFAFAFAFAFAFAF,DFDFDFDFDFGFEDACEDAGFAGAGFAGFAGDC
Fantasy v. Fogerty,CDDCDDCDDFDCDDDDDDDACDDFDCCCDDDDCCCDDDD,CCCCDDDDDCCCCDDDDCCCCDDDDDDCCCCDDDDCCCDDDCCCCDD
EMI Music v. Papathanasiou,FFCCbCDCFCACCbCDC,CFGFGAGECFGAGCFGAGEEFECC
Grand Upright v. Warner,GGFABDC,GGGFabbC
Levine v. McDonald's Corp.,CCCCCCCCCCCCCCCCCCCCCCCCCCCCCCCCCCCCCCCCCCCCCCCCCCCCCCCCCCCCCCCCCCCCCCCCCCCCCCCCCCCCCCCCCCCCCCCCCCCCCCCCCCCCCCCCCCCCCCCCCCCCCCCCDDDDDDDDCCCCCCCC,CCCCCCCCCCCCCCCCCCCCCCCCCCCCCCCDDDDDDDDDDDDDDDDDDDDDDDDDDDDDDDDCCCCCCCCCCCCCCCCCCCCCCCCCCCCCCCCCCCCCCCCCCCCCCCCCCCCCCCCCCCCCCCCCCCCCCCCCCCCCCCCDDDDDDDDDDDDDDDDGCCCCCCCCCCCCCCC
Gaste v. Morris Kaiserman,EEAABCBAEEAABCBAEAGGAGFE,EAABCAEAABCAEABCDBE
"Baxter v. MCA, Inc.",DDDGEDCDCADGEDCDC,CGDFEDCGAAGgEgDBDCBAGFeCCBCDeCCD
Selle v. Gibb,CDEDCDEADEFEDEFBEFGFEFGCDEFaAGFGADD,GCDEECDECdDEFFFDEFDEFGGGEGAGECCDEFFFFGEDD
Herald Square Music v. Living Music,ECDECDDGECDCDDGGAgEEGGAgEEFEFGEDCDEDE,ACDECDFFGECDDEGAGFGFGAGFEACECD
Bright Tunes Music v. Harrisongs Music,GEDGGEDGGEDECDGGGEECEDGGACACACCGADCCACGACACDACGACCACC,GEEDGEDEDGEEEDEGACACCGACACCCGACACCCEFGbAGEDD
Granite Music v. United Artists,AGFCbAGGFECACGF,AGFCGFEGFECCAGF
MCA Music v. Earl Wilson,CCCCGaAECGFECECCGaAECGFECCDCFFDCFEFgGCCCEFgGCCCCDCGGGGGGFFFGeEGAeEGAeEGACCCGaAECGFECECCGaAECGFECCCDCFFDCFEFgGCCCEFgGCCCCDCGGGGGGFFFGEEGAeEGAeEGAC,eeeeeeeeeeeeCACCCCCCCCCCCeCACGGGGGGGGGFFFeeeeeeeeeeeeCACEEEEEEEEEEEEEEEEEEEFFFFFFFFFFFFFEEEEEEEEEEEEEGGGGGGGGGGFFFEEEEEEEEEEEEEE
"Nom Music, Inc. v. Kaslin",AGABDBGEDAGEAGAGABBBCDBCDEBEDBAGGABAGEGEGCAAAABDBGEDAGE,AbCAbCDADFGAACFFCCDDFGGADCAGFbAGFA
Boosey v. Empire Music,GACFBBGEEEEEDdDDGGGGEEEDdDGGGaAABCFFGECCCDCCEGAACDCCC,GGaAABCFBBGABDCDEAEEGFGFEDCDEDEBADGGaAABCFBBGGAbCDECBCDEDCEDCEDCAABCABCC
Harumaki Gohan v. Mori,DEDGDECBEDCDCBEDEDCDCBEDEDEDGDECBEDEGEDCCBC,DEDGDECBEDCDCBEDEDCDCBEDEDEDGDECBEDEGEDCCBC
Kobayashi v. Hattori,CDECBCDCCCFFFFGAGGGAGFGAGECCDEECBCDC,CDEDCCCCFFFFAAGgGGGAAGFGAGEDCCDECDCC
Harry v. Suzuki,aGaAaGaCCaGaAaFeDgFgagFgDgFgagFgDgFgageDeaGaAaGaCBCaGaAaFeDgFgagFgDgFgagFgDgFgageDC,GgGaeCGgGaFeDFEFGFEFDDGaGFDeC